sector,ticker
Barang Konsumen Primer,AMRT
Barang Konsumen Primer,MLPL
Barang Konsumen Primer,MPPA
Barang Konsumen Primer,TAPG
Barang Konsumen Primer,MIDI
Barang Konsumen Primer,RANC
Barang Konsumen Primer,DMND
Barang Konsumen Primer,EPMT
Barang Konsumen Primer,PCAR
Barang Konsumen Primer,SDPC
Barang Konsumen Primer,HERO
Barang Konsumen Primer,KMDS
Barang Konsumen Primer,BUAH
Barang Konsumen Primer,DAYA
Barang Konsumen Primer,WICO
Barang Konsumen Primer,AMMS
Barang Konsumen Primer,MAMIP
Barang Konsumen Primer,INDF
Barang Konsumen Primer,ICBP
Barang Konsumen Primer,JPFA
Barang Konsumen Primer,AALI
Barang Konsumen Primer,MYOR
Barang Konsumen Primer,CPIN
Barang Konsumen Primer,LSIP
Barang Konsumen Primer,ULTJ
Barang Konsumen Primer,CLEO
Barang Konsumen Primer,HOKI
Barang Konsumen Primer,GOOD
Barang Konsumen Primer,SIMP
Barang Konsumen Primer,PANI
Barang Konsumen Primer,GZCO
Barang Konsumen Primer,MAIN
Barang Konsumen Primer,SSMS
Barang Konsumen Primer,AISA
Barang Konsumen Primer,DSNG
Barang Konsumen Primer,TBLA
Barang Konsumen Primer,SMAR
Barang Konsumen Primer,CAMP
Barang Konsumen Primer,BWPT
Barang Konsumen Primer,ROTI
Barang Konsumen Primer,WMUU
Barang Konsumen Primer,CPRO
Barang Konsumen Primer,SGRO
Barang Konsumen Primer,PMMP
Barang Konsumen Primer,ADES
Barang Konsumen Primer,ANJT
Barang Konsumen Primer,CMRY
Barang Konsumen Primer,CEKA
Barang Konsumen Primer,BISI
Barang Konsumen Primer,BUDI
Barang Konsumen Primer,CSRA
Barang Konsumen Primer,BEEF
Barang Konsumen Primer,IKAN
Barang Konsumen Primer,FOOD
Barang Konsumen Primer,JARR
Barang Konsumen Primer,MLBI
Barang Konsumen Primer,JAWA
Barang Konsumen Primer,KEJU
Barang Konsumen Primer,IPPE
Barang Konsumen Primer,NASI
Barang Konsumen Primer,DLTA
Barang Konsumen Primer,STTP
Barang Konsumen Primer,PTPS
Barang Konsumen Primer,ASHA
Barang Konsumen Primer,DSFI
Barang Konsumen Primer,STRK
Barang Konsumen Primer,WAPO
Barang Konsumen Primer,GULA
Barang Konsumen Primer,COCO
Barang Konsumen Primer,UNSP
Barang Konsumen Primer,DEWI
Barang Konsumen Primer,MGRO
Barang Konsumen Primer,STAA
Barang Konsumen Primer,OILS
Barang Konsumen Primer,ANDI
Barang Konsumen Primer,PSDN
Barang Konsumen Primer,TGKA
Barang Konsumen Primer,MKTR
Barang Konsumen Primer,TGUK
Barang Konsumen Primer,ENZO
Barang Konsumen Primer,SKLT
Barang Konsumen Primer,NSSS
Barang Konsumen Primer,TAYS
Barang Konsumen Primer,SKBM
Barang Konsumen Primer,WMPP
Barang Konsumen Primer,PSGO
Barang Konsumen Primer,WINE
Barang Konsumen Primer,TRGU
Barang Konsumen Primer,SIPD
Barang Konsumen Primer,FISH
Barang Konsumen Primer,CRAB
Barang Konsumen Primer,PGUN
Barang Konsumen Primer,AYAM
Barang Konsumen Primer,BOBA
Barang Konsumen Primer,BTEK
Barang Konsumen Primer,FAPA
Barang Konsumen Primer,CBUT
Barang Konsumen Primer,MAGP
Barang Konsumen Primer,TLDN
Barang Konsumen Primer,IBOS
Barang Konsumen Primer,ALTO
Barang Konsumen Primer,DPUM
Barang Konsumen Primer,BEER
Barang Konsumen Primer,UDNG
Barang Konsumen Primer,GOLL
Barang Konsumen Primer,AGAR
Barang Konsumen Primer,MAXI
Barang Konsumen Primer,NAYZ
Barang Konsumen Primer,SOUL
Barang Konsumen Primer,GRPM
Barang Konsumen Primer,UNVR
Barang Konsumen Primer,KINO
Barang Konsumen Primer,MRAT
Barang Konsumen Primer,UCID
Barang Konsumen Primer,KPAS
Barang Konsumen Primer,MSJA
Barang Konsumen Primer,TCID
Barang Konsumen Primer,MBTO
Barang Konsumen Primer,NANO
Barang Konsumen Primer,VICI
Barang Konsumen Primer,EURO
Barang Konsumen Primer,FLMC
Barang Konsumen Primer,GGRM
Barang Konsumen Primer,HMSP
Barang Konsumen Primer,WIIM
Barang Konsumen Primer,ITIC
Barang Konsumen Primer,RMBA
Kesehatan,KLBF
Kesehatan,SIDO
Kesehatan,KAEF
Kesehatan,INAF
Kesehatan,TSPC
Kesehatan,PEHA
Kesehatan,MERK
Kesehatan,PYFA
Kesehatan,DVLA
Kesehatan,SOHO
Kesehatan,SCPI
Kesehatan,IKPM
Kesehatan,PEVE
Kesehatan,MIKA
Kesehatan,IRRA
Kesehatan,SILO
Kesehatan,SAME
Kesehatan,PRDA
Kesehatan,HEAL
Kesehatan,DGNS
Kesehatan,PRIM
Kesehatan,CARE
Kesehatan,SRAJ
Kesehatan,BMHS
Kesehatan,MEDS
Kesehatan,OMED
Kesehatan,MMIX
Kesehatan,MTMH
Kesehatan,SURI
Kesehatan,HALO
Kesehatan,RSCH
Kesehatan,RSGK
Kesehatan,PRAY
Keuangan,PNLF
Keuangan,PNIN
Keuangan,TUGU
Keuangan,AHAP
Keuangan,MTWI
Keuangan,JMAS
Keuangan,VINS
Keuangan,AMAG
Keuangan,LPGI
Keuangan,LIFE
Keuangan,ASDM
Keuangan,BHAT
Keuangan,ASJT
Keuangan,ASMI
Keuangan,ASBI
Keuangan,ASRM
Keuangan,MREI
Keuangan,ABDA
Keuangan,BFIN
Keuangan,CFIN
Keuangan,ADMF
Keuangan,WOMF
Keuangan,MFIN
Keuangan,POLA
Keuangan,VRNA
Keuangan,VTNY
Keuangan,HDFA
Keuangan,FUJI
Keuangan,TIFA
Keuangan,BBLD
Keuangan,BPFI
Keuangan,TRUS
Keuangan,DEFI
Keuangan,FINN
Keuangan,BBCA
Keuangan,BBRI
Keuangan,BMRI
Keuangan,BBNI
Keuangan,BRIS
Keuangan,BBTN
Keuangan,ARTO
Keuangan,BJTM
Keuangan,BNGA
Keuangan,BTPS
Keuangan,AGRO
Keuangan,BBKP
Keuangan,BJBR
Keuangan,BBYB
Keuangan,BDMN
Keuangan,BABP
Keuangan,NISP
Keuangan,BBHI
Keuangan,BANK
Keuangan,PNBS
Keuangan,BACA
Keuangan,BGTG
Keuangan,BNLI
Keuangan,BNII
Keuangan,BTPN
Keuangan,PNBN
Keuangan,BNBA
Keuangan,BEKS
Keuangan,MEGA
Keuangan,AMAR
Keuangan,MAYA
Keuangan,BVIC
Keuangan,MCOR
Keuangan,BSIM
Keuangan,INPC
Keuangan,NOBU
Keuangan,BKSW
Keuangan,AGRS
Keuangan,DNAR
Keuangan,BINA
Keuangan,BCIC
Keuangan,BMAS
Keuangan,SDRA
Keuangan,BBSI
Keuangan,BBMD
Keuangan,MASB
Keuangan,BSWD
Keuangan,BSMT
Keuangan,PANS
Keuangan,TRIM
Keuangan,PADI
Keuangan,AMOR
Keuangan,RELI
Keuangan,YULE
Keuangan,SRTG
Keuangan,BCAP
Keuangan,PALM
Keuangan,DNET
Keuangan,SMMA
Keuangan,VICO
Keuangan,APIC
Keuangan,CASA
Keuangan,GSMF
Keuangan,LPPS
Keuangan,PEGE
Keuangan,STAR
Keuangan,NICK
Keuangan,POOL
Keuangan,BPII
Keuangan,MGNA
Keuangan,SFAN
Keuangan,PLAS
Keuangan,OCAP
Barang Konsumen Non-Primer,MNCN
Barang Konsumen Non-Primer,SCMA
Barang Konsumen Non-Primer,BMTR
Barang Konsumen Non-Primer,FILM
Barang Konsumen Non-Primer,IPTV
Barang Konsumen Non-Primer,ABBA
Barang Konsumen Non-Primer,MARI
Barang Konsumen Non-Primer,MSIN
Barang Konsumen Non-Primer,NETV
Barang Konsumen Non-Primer,MSKY
Barang Konsumen Non-Primer,VIVA
Barang Konsumen Non-Primer,RAAM
Barang Konsumen Non-Primer,DOOH
Barang Konsumen Non-Primer,FORU
Barang Konsumen Non-Primer,MDIA
Barang Konsumen Non-Primer,DIGI
Barang Konsumen Non-Primer,TMPO
Barang Konsumen Non-Primer,FUTR
Barang Konsumen Non-Primer,LPPF
Barang Konsumen Non-Primer,ACES
Barang Konsumen Non-Primer,ERAA
Barang Konsumen Non-Primer,MAPI
Barang Konsumen Non-Primer,MPMX
Barang Konsumen Non-Primer,RALS
Barang Konsumen Non-Primer,IMAS
Barang Konsumen Non-Primer,SLIS
Barang Konsumen Non-Primer,MAPA
Barang Konsumen Non-Primer,YELO
Barang Konsumen Non-Primer,ASLC
Barang Konsumen Non-Primer,CARS
Barang Konsumen Non-Primer,TELE
Barang Konsumen Non-Primer,UFOE
Barang Konsumen Non-Primer,BOGA
Barang Konsumen Non-Primer,BAUT
Barang Konsumen Non-Primer,PMJS
Barang Konsumen Non-Primer,CSAP
Barang Konsumen Non-Primer,TOOL
Barang Konsumen Non-Primer,MKNT
Barang Konsumen Non-Primer,ZATA
Barang Konsumen Non-Primer,ZONE
Barang Konsumen Non-Primer,DEPO
Barang Konsumen Non-Primer,ECII
Barang Konsumen Non-Primer,ERAL
Barang Konsumen Non-Primer,GLOB
Barang Konsumen Non-Primer,BAIK
Barang Konsumen Non-Primer,BABY
Barang Konsumen Non-Primer,TURI
Barang Konsumen Non-Primer,TRIO
Barang Konsumen Non-Primer,KLIN
Barang Konsumen Non-Primer,SRIL
Barang Konsumen Non-Primer,HRTA
Barang Konsumen Non-Primer,INDR
Barang Konsumen Non-Primer,PBRX
Barang Konsumen Non-Primer,BELL
Barang Konsumen Non-Primer,TRIS
Barang Konsumen Non-Primer,BIMA
Barang Konsumen Non-Primer,ACRO
Barang Konsumen Non-Primer,POLY
Barang Konsumen Non-Primer,SBAT
Barang Konsumen Non-Primer,ERTX
Barang Konsumen Non-Primer,INOV
Barang Konsumen Non-Primer,RICY
Barang Konsumen Non-Primer,BATA
Barang Konsumen Non-Primer,POLU
Barang Konsumen Non-Primer,ESTI
Barang Konsumen Non-Primer,TFCO
Barang Konsumen Non-Primer,MYTX
Barang Konsumen Non-Primer,ARGO
Barang Konsumen Non-Primer,SSTM
Barang Konsumen Non-Primer,CNTX
Barang Konsumen Non-Primer,UNIT
Barang Konsumen Non-Primer,HDTX
Barang Konsumen Non-Primer,CNTB
Barang Konsumen Non-Primer,GJTL
Barang Konsumen Non-Primer,AUTO
Barang Konsumen Non-Primer,SMSM
Barang Konsumen Non-Primer,DRMA
Barang Konsumen Non-Primer,VKTR
Barang Konsumen Non-Primer,INDS
Barang Konsumen Non-Primer,GDYR
Barang Konsumen Non-Primer,LPIN
Barang Konsumen Non-Primer,MASA
Barang Konsumen Non-Primer,BRAM
Barang Konsumen Non-Primer,UNTD
Barang Konsumen Non-Primer,BOLT
Barang Konsumen Non-Primer,ISAP
Barang Konsumen Non-Primer,TYRE
Barang Konsumen Non-Primer,LMAX
Barang Konsumen Non-Primer,PRAS
Barang Konsumen Non-Primer,AEGS
Barang Konsumen Non-Primer,NIPS
Barang Konsumen Non-Primer,TOYS
Barang Konsumen Non-Primer,BIKE
Barang Konsumen Non-Primer,IIKP
Barang Konsumen Non-Primer,WOOD
Barang Konsumen Non-Primer,KICI
Barang Konsumen Non-Primer,MICE
Barang Konsumen Non-Primer,CBMF
Barang Konsumen Non-Primer,CINT
Barang Konsumen Non-Primer,LMPI
Barang Konsumen Non-Primer,SCNP
Barang Konsumen Non-Primer,GEMA
Barang Konsumen Non-Primer,LIVE
Barang Konsumen Non-Primer,SOFA
Barang Konsumen Non-Primer,OLIV
Barang Konsumen Non-Primer,MGLV
Barang Konsumen Non-Primer,LFLO
Barang Konsumen Non-Primer,KPIG
Barang Konsumen Non-Primer,FAST
Barang Konsumen Non-Primer,PZZA
Barang Konsumen Non-Primer,EAST
Barang Konsumen Non-Primer,PJAA
Barang Konsumen Non-Primer,CNMA
Barang Konsumen Non-Primer,BOLA
Barang Konsumen Non-Primer,PANR
Barang Konsumen Non-Primer,DUCK
Barang Konsumen Non-Primer,NATO
Barang Konsumen Non-Primer,KOTA
Barang Konsumen Non-Primer,RAFI
Barang Konsumen Non-Primer,PSKT
Barang Konsumen Non-Primer,HRME
Barang Konsumen Non-Primer,GWSA
Barang Konsumen Non-Primer,MAMI
Barang Konsumen Non-Primer,BAYU
Barang Konsumen Non-Primer,MINA
Barang Konsumen Non-Primer,SHID
Barang Konsumen Non-Primer,ESTA
Barang Konsumen Non-Primer,DFAM
Barang Konsumen Non-Primer,FITT
Barang Konsumen Non-Primer,HOME
Barang Konsumen Non-Primer,ENAK
Barang Konsumen Non-Primer,SOTS
Barang Konsumen Non-Primer,SNLK
Barang Konsumen Non-Primer,JIHD
Barang Konsumen Non-Primer,PGLI
Barang Konsumen Non-Primer,PTSP
Barang Konsumen Non-Primer,BLTZ
Barang Konsumen Non-Primer,BUVA
Barang Konsumen Non-Primer,NUSA
Barang Konsumen Non-Primer,HAJJ
Barang Konsumen Non-Primer,PDES
Barang Konsumen Non-Primer,LUCY
Barang Konsumen Non-Primer,JSPT
Barang Konsumen Non-Primer,ARTA
Barang Konsumen Non-Primer,GRPH
Barang Konsumen Non-Primer,CLAY
Barang Konsumen Non-Primer,AKKU
Barang Konsumen Non-Primer,JGLE
Barang Konsumen Non-Primer,MABA
Barang Konsumen Non-Primer,CSMI
Barang Konsumen Non-Primer,PLAN
Barang Konsumen Non-Primer,KDTN
Barang Konsumen Non-Primer,PNSE
Barang Konsumen Non-Primer,MEJA
Barang Konsumen Non-Primer,IDEA
Barang Konsumen Non-Primer,HOTL
Barang Konsumen Non-Primer,BMBL
Properti & Real Estat,CTRA
Properti & Real Estat,BSDE
Properti & Real Estat,PWON
Properti & Real Estat,SMRA
Properti & Real Estat,KIJA
Properti & Real Estat,DMAS
Properti & Real Estat,ASRI
Properti & Real Estat,APLN
Properti & Real Estat,PPRO
Properti & Real Estat,LPKR
Properti & Real Estat,BEST
Properti & Real Estat,DILD
Properti & Real Estat,BKSL
Properti & Real Estat,LPCK
Properti & Real Estat,JRPT
Properti & Real Estat,MDLN
Properti & Real Estat,TRIN
Properti & Real Estat,MMLP
Properti & Real Estat,GPRA
Properti & Real Estat,KBAG
Properti & Real Estat,REAL
Properti & Real Estat,BCIP
Properti & Real Estat,PAMG
Properti & Real Estat,BAPA
Properti & Real Estat,LAND
Properti & Real Estat,RBMS
Properti & Real Estat,ADCP
Properti & Real Estat,SMDM
Properti & Real Estat,CSIS
Properti & Real Estat,INDO
Properti & Real Estat,RODA
Properti & Real Estat,POLL
Properti & Real Estat,NZIA
Properti & Real Estat,MTLA
Properti & Real Estat,BSBK
Properti & Real Estat,AMAN
Properti & Real Estat,DADA
Properti & Real Estat,DUTI
Properti & Real Estat,TRUE
Properti & Real Estat,BBSS
Properti & Real Estat,PLIN
Properti & Real Estat,CITY
Properti & Real Estat,BKDP
Properti & Real Estat,PURI
Properti & Real Estat,SATU
Properti & Real Estat,ELTY
Properti & Real Estat,WINR
Properti & Real Estat,ATAP
Properti & Real Estat,ASPI
Properti & Real Estat,PUDP
Properti & Real Estat,HOMI
Properti & Real Estat,SAGE
Properti & Real Estat,MTSM
Properti & Real Estat,URBN
Properti & Real Estat,FMII
Properti & Real Estat,MPRO
Properti & Real Estat,RDTX
Properti & Real Estat,LPLI
Properti & Real Estat,MKPI
Properti & Real Estat,RISE
Properti & Real Estat,MYRX
Properti & Real Estat,UANG
Properti & Real Estat,BAPI
Properti & Real Estat,POSA
Properti & Real Estat,TARA
Properti & Real Estat,BIPP
Properti & Real Estat,OMRE
Properti & Real Estat,RIMO
Properti & Real Estat,NASA
Properti & Real Estat,SWID
Properti & Real Estat,INPP
Properti & Real Estat,BIKA
Properti & Real Estat,GMTD
Properti & Real Estat,POLI
Properti & Real Estat,VAST
Properti & Real Estat,GAMA
Properti & Real Estat,CPRI
Properti & Real Estat,EMDE
Properti & Real Estat,DART
Properti & Real Estat,NIRO
Properti & Real Estat,LCGP
Properti & Real Estat,ROCK
Properti & Real Estat,FORZ
Properti & Real Estat,ARMY
Properti & Real Estat,RELF
Properti & Real Estat,CBPE
Properti & Real Estat,GRIA
Properti & Real Estat,COWL
Properti & Real Estat,KOCI
Properti & Real Estat,MSIE
Properti & Real Estat,HBAT
Properti & Real Estat,IPAC
Properti & Real Estat,MYRXP
Perindustrian,ASII
Perindustrian,BHIT
Perindustrian,BNBR
Perindustrian,ZBRA
Perindustrian,FOLK
Perindustrian,KING
Perindustrian,UNTR
Perindustrian,HEXA
Perindustrian,KBLI
Perindustrian,ARNA
Perindustrian,TOTO
Perindustrian,MARK
Perindustrian,CAKK
Perindustrian,MLIA
Perindustrian,KOBX
Perindustrian,CCSI
Perindustrian,SPTO
Perindustrian,PTMP
Perindustrian,KBLM
Perindustrian,SCCO
Perindustrian,IMPC
Perindustrian,HOPE
Perindustrian,AMFG
Perindustrian,SMIL
Perindustrian,IKAI
Perindustrian,SINI
Perindustrian,GPSO
Perindustrian,VOKS
Perindustrian,LABA
Perindustrian,IKBI
Perindustrian,NTBK
Perindustrian,ARKA
Perindustrian,KIAS
Perindustrian,AMIN
Perindustrian,APII
Perindustrian,KUAS
Perindustrian,JECC
Perindustrian,CTTH
Perindustrian,INTA
Perindustrian,WIDI
Perindustrian,IBFN
Perindustrian,PIPA
Perindustrian,KRAH
Perindustrian,ASGR
Perindustrian,INDX
Perindustrian,DYAN
Perindustrian,JTPE
Perindustrian,ICON
Perindustrian,MUTU
Perindustrian,BLUE
Perindustrian,LION
Perindustrian,MFMI
Perindustrian,SOSS
Perindustrian,PADA
Perindustrian,KONI
Perindustrian,KPAL
Perindustrian,VISI
Perindustrian,HYGN
Perindustrian,KOIN
Perindustrian,TIRA
Perindustrian,MDRN
Perindustrian,BINO
Perindustrian,CRSN
Perindustrian,TRIL
Energi,ADRO
Energi,PGAS
Energi,PTBA
Energi,ITMG
Energi,HRUM
Energi,MEDC
Energi,BUMI
Energi,INDY
Energi,ELSA
Energi,AKRA
Energi,PTRO
Energi,DOID
Energi,ENRG
Energi,BSSR
Energi,CUAN
Energi,BYAN
Energi,RAJA
Energi,MBAP
Energi,SOCI
Energi,TOBA
Energi,FIRE
Energi,ABMM
Energi,BULL
Energi,SGER
Energi,TPMA
Energi,DEWA
Energi,GEMS
Energi,SMMT
Energi,BOSS
Energi,MBSS
Energi,BIPI
Energi,IATA
Energi,KKGI
Energi,PSSI
Energi,COAL
Energi,WINS
Energi,CGAS
Energi,HUMI
Energi,TCPI
Energi,MAHA
Energi,LEAD
Energi,MYOH
Energi,ITMA
Energi,BSML
Energi,SICO
Energi,MCOL
Energi,TRAM
Energi,RUIS
Energi,RMKE
Energi,TEBE
Energi,PKPK
Energi,RIGS
Energi,DSSA
Energi,ARII
Energi,WOWS
Energi,SHIP
Energi,GTBO
Energi,BESS
Energi,HILL
Energi,GTSI
Energi,HITS
Energi,PTIS
Energi,TAMU
Energi,AIMS
Energi,DWGL
Energi,BBRM
Energi,KOPI
Energi,INPS
Energi,RGAS
Energi,CANI
Energi,ARTI
Energi,SURE
Energi,MKAP
Energi,CBRE
Energi,SMRU
Energi,MTFN
Energi,CNKO
Energi,SUNI
Energi,RMKO
Energi,SUGI
Energi,BORN
Energi,JSKY
Energi,SEMA
Energi,ALII
Barang Baku,ANTM
Barang Baku,SMGR
Barang Baku,INTP
Barang Baku,INCO
Barang Baku,BRPT
Barang Baku,INKP
Barang Baku,TINS
Barang Baku,MDKA
Barang Baku,TKIM
Barang Baku,TPIA
Barang Baku,BRMS
Barang Baku,WSBP
Barang Baku,ESSA
Barang Baku,KRAS
Barang Baku,WTON
Barang Baku,AMMN
Barang Baku,AGII
Barang Baku,SMBR
Barang Baku,ISSP
Barang Baku,NIKL
Barang Baku,NICL
Barang Baku,ZINC
Barang Baku,DKFT
Barang Baku,NCKL
Barang Baku,PSAB
Barang Baku,EKAD
Barang Baku,MBMA
Barang Baku,FPNI
Barang Baku,AVIA
Barang Baku,ARCI
Barang Baku,BAJA
Barang Baku,KAYU
Barang Baku,GDST
Barang Baku,NICE
Barang Baku,SMGA
Barang Baku,SPMA
Barang Baku,PBID
Barang Baku,ADMG
Barang Baku,HKMU
Barang Baku,OKAS
Barang Baku,AYLS
Barang Baku,LTLS
Barang Baku,BEBS
Barang Baku,SMCB
Barang Baku,CLPI
Barang Baku,PURE
Barang Baku,SQMI
Barang Baku,MDKI
Barang Baku,SRSN
Barang Baku,ESIP
Barang Baku,BMSR
Barang Baku,SAMF
Barang Baku,SWAT
Barang Baku,SULI
Barang Baku,ALDO
Barang Baku,PICO
Barang Baku,IGAR
Barang Baku,UNIC
Barang Baku,OPMS
Barang Baku,IPOL
Barang Baku,BTON
Barang Baku,CHEM
Barang Baku,SMLE
Barang Baku,SBMA
Barang Baku,INCI
Barang Baku,GGRP
Barang Baku,OBMD
Barang Baku,INCF
Barang Baku,KDSI
Barang Baku,CITA
Barang Baku,SMKL
Barang Baku,PDPP
Barang Baku,MOLI
Barang Baku,ALKA
Barang Baku,IFSH
Barang Baku,IFII
Barang Baku,NPGF
Barang Baku,TDPM
Barang Baku,DPNS
Barang Baku,AKPI
Barang Baku,EPAC
Barang Baku,PNGO
Barang Baku,APLI
Barang Baku,INTD
Barang Baku,INRU
Barang Baku,INAI
Barang Baku,CMNT
Barang Baku,ALMI
Barang Baku,YPAS
Barang Baku,TIRT
Barang Baku,KMTR
Barang Baku,FWCT
Barang Baku,LMSH
Barang Baku,FASW
Barang Baku,TRST
Barang Baku,CTBN
Barang Baku,KKES
Barang Baku,BRNA
Barang Baku,TALF
Barang Baku,ETWA
Barang Baku,PPRI
Barang Baku,SIMA
Barang Baku,KBRI
Barang Baku,JKSW
Barang Baku,PACK
Barang Baku,NPII
Infrastruktur,ADHI
Infrastruktur,WIKA
Infrastruktur,WSKT
Infrastruktur,PTPP
Infrastruktur,WEGE
Infrastruktur,TOTL
Infrastruktur,SSIA
Infrastruktur,ACST
Infrastruktur,JKON
Infrastruktur,NRCA
Infrastruktur,PPRE
Infrastruktur,DGIK
Infrastruktur,KRYA
Infrastruktur,PBSA
Infrastruktur,PTDU
Infrastruktur,MTPS
Infrastruktur,BUKK
Infrastruktur,TOPS
Infrastruktur,IDPR
Infrastruktur,KOKA
Infrastruktur,TAMA
Infrastruktur,PTPW
Infrastruktur,BDKR
Infrastruktur,RONY
Infrastruktur,SMKM
Infrastruktur,MANG
Infrastruktur,MTRA
Infrastruktur,FIMP
Infrastruktur,JSMR
Infrastruktur,IPCC
Infrastruktur,META
Infrastruktur,GMFI
Infrastruktur,IPCM
Infrastruktur,CMNP
Infrastruktur,CASS
Infrastruktur,KARW
Infrastruktur,PORT
Infrastruktur,TLKM
Infrastruktur,EXCL
Infrastruktur,FREN
Infrastruktur,TOWR
Infrastruktur,ISAT
Infrastruktur,TBIG
Infrastruktur,MTEL
Infrastruktur,LINK
Infrastruktur,JAST
Infrastruktur,CENT
Infrastruktur,OASA
Infrastruktur,BALI
Infrastruktur,KBLV
Infrastruktur,INET
Infrastruktur,GOLD
Infrastruktur,MORA
Infrastruktur,GHON
Infrastruktur,SUPR
Infrastruktur,KETR
Infrastruktur,IBST
Infrastruktur,LCKM
Infrastruktur,BTEL
Infrastruktur,PGEO
Infrastruktur,BREN
Infrastruktur,POWR
Infrastruktur,KEEN
Infrastruktur,TGRA
Infrastruktur,ARKO
Infrastruktur,MPOW
Infrastruktur,HADE
Infrastruktur,LAPD
Teknologi,GOTO
Teknologi,BUKA
Teknologi,EMTK
Teknologi,DMMX
Teknologi,WIRG
Teknologi,DCII
Teknologi,MLPT
Teknologi,WIFI
Teknologi,KIOS
Teknologi,MCAS
Teknologi,KREN
Teknologi,EDGE
Teknologi,NFCX
Teknologi,ELIT
Teknologi,TECH
Teknologi,HDIT
Teknologi,BELI
Teknologi,DIVA
Teknologi,TFAS
Teknologi,UVCR
Teknologi,ENVY
Teknologi,LMAS
Teknologi,MSTI
Teknologi,AWAN
Teknologi,ATIC
Teknologi,TRON
Teknologi,CYBR
Teknologi,MPIX
Teknologi,IRSX
Teknologi,CASH
Teknologi,TOSK
Teknologi,WGSH
Teknologi,RUNS
Teknologi,SKYB
Teknologi,PGJO
Teknologi,ZYRX-W
Teknologi,MTDL
Teknologi,PTSN
Teknologi,LUCK
Teknologi,ZYRX
Teknologi,AXIO
Teknologi,GLVA
Teknologi,CHIP
Teknologi,IOTF
Teknologi,MENN
Teknologi,NINE
Transportasi & Logistik,GIAA
Transportasi & Logistik,BIRD
Transportasi & Logistik,ASSA
Transportasi & Logistik,IMJS
Transportasi & Logistik,CMPP
Transportasi & Logistik,WEHA
Transportasi & Logistik,TRJA
Transportasi & Logistik,BPTR
Transportasi & Logistik,LRNA
Transportasi & Logistik,TAXI
Transportasi & Logistik,HELI
Transportasi & Logistik,SAFE
Transportasi & Logistik,SMDR
Transportasi & Logistik,TMAS
Transportasi & Logistik,JAYA
Transportasi & Logistik,NELY
Transportasi & Logistik,PURA
Transportasi & Logistik,HAIS
Transportasi & Logistik,TRUK
Transportasi & Logistik,TNCA
Transportasi & Logistik,MITI
Transportasi & Logistik,SDMU
Transportasi & Logistik,LAJU
Transportasi & Logistik,HATM
Transportasi & Logistik,DEAL
Transportasi & Logistik,KJEN
Transportasi & Logistik,ELPI
Transportasi & Logistik,GTRA
Transportasi & Logistik,MPXL
Transportasi & Logistik,AKSI
Transportasi & Logistik,SAPX
Transportasi & Logistik,PPGL
Transportasi & Logistik,MIRA
Transportasi & Logistik,BLTA
Transportasi & Logistik,KLAS
Transportasi & Logistik,RCCC
Transportasi & Logistik,LOPI
